	room_size	reverberation_time_s	lows_cutoff_frequency_hz	lows_q_factor	lows_gain_db_s	highs_cutoff_frequency_hz	highs_q_factor	highs_gain_db_s	fade_in_time_s	dry_wet
0	10.94832	2.8608944	5549.6543	0.4362287	29.46239	6449.908	0.33392152	26.989454	2.5286276	0.2852528
1	8.651154	1.8693985	3312.922	0.38755378	18.598108	4761.469	0.25168458	17.760153	1.5389191	0.1803677
2	7.8556104	1.5181211	2422.3645	0.3734392	15.41969	4119.6694	0.22310285	14.180688	1.1525332	0.14088842
3	7.448035	1.2930796	1744.2137	0.3708679	12.8441925	3798.831	0.20685479	11.609346	0.87662864	0.11355185
4	7.239731	1.162778	1242.4729	0.3691467	10.9702635	3583.6133	0.1974561	9.982147	0.7010329	0.09782738
5	7.060962	1.0702871	872.52374	0.36560124	9.618852	3445.0444	0.18828185	8.509743	0.5807186	0.0873805
6	6.959875	1.0126121	603.70874	0.36271092	8.53526	3399.14	0.1847435	7.6658225	0.52093863	0.082248285
7	6.9006143	0.9972784	404.49283	0.36289272	7.77346	3352.1946	0.18202183	7.001701	0.48430988	0.07895305
8	6.841786	0.9754592	253.97101	0.36105263	7.141617	3314.8362	0.17925516	6.5046372	0.46314302	0.07690706
9	6.8136554	0.9623607	151.72098	0.36004218	6.8307056	3294.263	0.17802562	6.2117352	0.45903647	0.07651804
10	6.769563	0.9539449	87.77616	0.35890806	6.436221	3289.2068	0.17664261	6.0173	0.45825738	0.076219276
11	6.7583613	0.95506483	61.12824	0.35727406	6.3318233	3261.8464	0.17563991	5.8799815	0.45634738	0.0759127
12	6.7121606	0.948811	52.22344	0.3564817	6.2729764	3250.3413	0.1754045	5.8293047	0.4549573	0.07553834
13	6.693719	0.9408391	51.187725	0.355802	6.0510178	3234.1108	0.17354813	5.7384377	0.4526298	0.0753107
14	6.6815524	0.94175696	51.72094	0.3545716	5.939179	3223.8425	0.17258227	5.6964593	0.454723	0.075567536
15	6.684688	0.94324267	55.566166	0.35132203	5.88443	3217.5999	0.17223422	5.6208363	0.4557668	0.07513389
16	6.639226	0.9370038	59.21499	0.349078	5.925002	3196.1096	0.17189129	5.6262054	0.4533182	0.075075105
17	6.6269894	0.93065464	62.168495	0.34616098	5.818291	3181.231	0.17153727	5.6013384	0.45596045	0.07528
18	6.586183	0.9301055	64.01938	0.3432113	5.803499	3163.1	0.17103408	5.5479918	0.45044103	0.075016744
19	6.561394	0.92174447	69.24796	0.34038672	5.6530166	3159.3267	0.16982363	5.532331	0.45128107	0.074619174
20	6.532648	0.91788983	62.455696	0.33745876	5.5691686	3152.3938	0.16821235	5.47609	0.4476962	0.0746783
21	6.4915113	0.91287637	69.94131	0.33417916	5.584476	3114.6106	0.16852467	5.453915	0.44990724	0.07451515
22	6.4625225	0.9145148	65.30029	0.33102545	5.46547	3125.3062	0.16742122	5.4067836	0.4476232	0.07478503
23	6.4501414	0.91313225	62.779163	0.32762578	5.465956	3086.0999	0.16667263	5.33465	0.44571877	0.0741433
24	6.4278502	0.90204257	67.14388	0.32691947	5.4551177	3079.614	0.166661	5.384531	0.4444766	0.07447124
25	6.3759346	0.90269065	63.17521	0.32304356	5.4780416	3073.0088	0.16686524	5.4257064	0.44859233	0.07439619
26	6.3398438	0.9007525	64.145424	0.32167304	5.3868	3052.5615	0.16491285	5.267989	0.44599438	0.07426102
27	6.334787	0.90028137	64.80517	0.32013968	5.397401	3055.5906	0.1640298	5.325068	0.44586697	0.07426781
28	6.286703	0.89491713	66.222015	0.31662452	5.353436	3021.865	0.1642395	5.2139654	0.4452957	0.073640436
29	6.248042	0.8911935	64.673004	0.31586853	5.320134	3013.039	0.1631792	5.2153826	0.44408095	0.07405516
30	6.2548194	0.8869169	67.1764	0.31541014	5.2809935	3012.4937	0.16284357	5.210468	0.44090047	0.07404656
31	6.2095637	0.8831601	62.60077	0.31228846	5.324842	2982.6543	0.1627625	5.2205086	0.44141456	0.07359765
32	6.1892223	0.8770535	70.03346	0.3088427	5.2751746	2981.5015	0.16014387	5.2151947	0.43872494	0.07401566
33	6.1749644	0.87564236	63.27079	0.30774248	5.198771	2967.2666	0.1612575	5.142326	0.43815053	0.07339834
34	6.1370096	0.8778907	67.57064	0.30498332	5.2513657	2957.4985	0.15977013	5.124933	0.43786463	0.07364634
35	6.1170025	0.8718335	69.444405	0.30310112	5.1961374	2936.352	0.16071804	5.1133423	0.43645316	0.07347554
36	6.111701	0.87566096	61.25039	0.3013569	5.170336	2936.6006	0.15977575	5.109665	0.4375261	0.07322013
37	6.095087	0.86772233	62.93385	0.30052295	5.2023354	2929.3218	0.1596148	5.1388965	0.4331612	0.07370759
38	6.0355897	0.8635905	69.812706	0.29711968	5.1670914	2921.1187	0.15808989	5.1482387	0.43350035	0.073043406
39	6.0676255	0.86526597	68.767204	0.29565507	5.116276	2925.2673	0.15839405	5.094449	0.43439332	0.07311915
40	6.023028	0.86026967	63.208805	0.29243934	5.059543	2904.8818	0.1575265	5.0684695	0.4362954	0.07326163
41	6.046532	0.8576533	63.239555	0.29123318	5.0841026	2895.6995	0.15714945	5.0512013	0.4342923	0.07262552
42	6.032397	0.85968006	69.14229	0.2901228	5.066537	2904.8345	0.15678208	5.0191784	0.43271104	0.07303301
43	5.971796	0.8494934	61.05684	0.28889796	4.992294	2868.192	0.15686421	4.9896526	0.43164968	0.0733661
44	5.9826856	0.8534957	68.249825	0.28739935	5.0139437	2865.1606	0.15622233	5.026647	0.43018985	0.073102295
45	5.966088	0.84661776	65.28078	0.28448734	5.0513697	2839.2627	0.1566021	4.9667907	0.42932716	0.07258132
46	5.9545727	0.84746945	64.42623	0.28130722	4.925112	2849.0515	0.1545293	4.9169626	0.42938516	0.07313724
47	5.9041424	0.84385943	62.785183	0.27850372	4.920246	2825.6973	0.15416902	4.9267483	0.4284315	0.072626814
48	5.896033	0.84474397	64.50655	0.27703485	4.9502068	2803.0742	0.15338638	4.9115696	0.42808092	0.073047526
49	5.894733	0.83878833	66.85691	0.2765822	4.864622	2815.329	0.15387374	4.890157	0.42637104	0.07279965
50	5.891251	0.8394505	66.03756	0.27535135	4.997059	2827.4758	0.153922	4.93797	0.42727044	0.0727697
51	5.9271455	0.8372365	63.747864	0.27429935	4.822775	2809.3906	0.15401813	4.902354	0.42491782	0.07283157
52	5.8126426	0.83340573	63.934097	0.26873407	4.865583	2781.8066	0.15254784	4.807434	0.4262087	0.07235703
53	5.839943	0.8332602	64.484535	0.26891527	4.8426595	2770.5398	0.15190883	4.8768516	0.42650595	0.07244329
54	5.8264523	0.83290297	64.67081	0.26834112	4.8112426	2787.6123	0.1516368	4.8158035	0.42573413	0.072655715
55	5.81832	0.8316709	64.95095	0.26649088	4.7932067	2772.1196	0.15128928	4.870816	0.41972432	0.07197925
56	5.76522	0.82289946	65.418594	0.26708245	4.790936	2743.7358	0.1504055	4.8138423	0.4208612	0.07244931
57	5.784638	0.82296145	58.915718	0.26605782	4.7343216	2749.072	0.15039179	4.8211737	0.42398706	0.072125606
58	5.7408657	0.8223178	65.776276	0.26284376	4.757696	2746.8354	0.1488559	4.7554574	0.41991463	0.07215898
59	5.723228	0.8229569	64.688736	0.26287574	4.766079	2736.456	0.14992	4.7663302	0.4188811	0.07235331
60	5.7395415	0.8227459	63.335842	0.2616482	4.748991	2734.7415	0.14918648	4.745035	0.42093304	0.0726962
61	5.7395973	0.82028687	63.25124	0.26051652	4.7068095	2742.118	0.1490064	4.779864	0.41958797	0.07219806
62	5.735448	0.81660295	61.42538	0.2555899	4.664876	2727.196	0.14787135	4.7166815	0.4181305	0.072092
63	5.6944017	0.81389505	61.555954	0.25529328	4.7426085	2736.1367	0.14884084	4.766226	0.4197198	0.07203484
64	5.6590924	0.8118167	63.0444	0.2542639	4.629514	2697.137	0.14837867	4.698412	0.4191998	0.07239453
65	5.642149	0.8065892	62.46112	0.25491515	4.666056	2703.8245	0.1473565	4.7300787	0.41600576	0.07219612
66	5.6180964	0.8035968	61.95648	0.2508981	4.5771303	2675.4307	0.14783448	4.6656704	0.41435212	0.07169307
67	5.6274657	0.8095174	62.63238	0.25044757	4.60788	2688.2153	0.14708325	4.6975493	0.41866326	0.071809135
68	5.6152263	0.801489	62.998264	0.25185293	4.559697	2670.2273	0.14664994	4.6690893	0.41487753	0.07208878
69	5.607609	0.8001872	59.801838	0.24967347	4.5577235	2671.4092	0.14656791	4.6909266	0.4130636	0.07151464
70	5.6046276	0.80427957	65.26261	0.24836425	4.5534453	2662.2505	0.14551398	4.6181536	0.4144913	0.07206426
71	5.5517383	0.7940488	60.90782	0.24582304	4.5227036	2653.807	0.14622682	4.613275	0.41200325	0.071758576
72	5.515247	0.79752195	63.781498	0.2447963	4.5076714	2660.5571	0.1454777	4.6255054	0.41659987	0.07163355
73	5.546449	0.79517204	58.71779	0.24426192	4.4989676	2655.5906	0.14530055	4.6322026	0.415587	0.07193063
74	5.480354	0.79604876	62.33331	0.242995	4.4527197	2635.6267	0.14448623	4.6182766	0.41080436	0.071765505
75	5.507223	0.79382646	61.06975	0.2418795	4.438495	2647.3364	0.14392224	4.5795717	0.41256368	0.071277514
76	5.51612	0.79004896	59.393074	0.24028432	4.401819	2633.594	0.14411175	4.566556	0.41217464	0.0717694
77	5.4897356	0.7859334	58.779762	0.24063359	4.396251	2630.861	0.14442171	4.5790033	0.41155446	0.07109046
78	5.4899035	0.78287214	63.00458	0.23788226	4.418782	2624.962	0.14396293	4.552001	0.410838	0.07146397
79	5.4758425	0.7872232	57.610386	0.23927978	4.37433	2629.872	0.14474033	4.5428557	0.4079606	0.07139264
80	5.453158	0.78450555	61.218056	0.23595604	4.3316298	2613.767	0.14407046	4.5451674	0.40903088	0.07128171
81	5.4274774	0.7823559	62.065235	0.2349587	4.3825746	2603.106	0.14351268	4.514379	0.40998814	0.07165604
82	5.408386	0.77528775	57.882267	0.23456778	4.297291	2591.7507	0.14215256	4.4812465	0.40971366	0.071235545
83	5.434648	0.7816248	60.45887	0.23315574	4.301644	2589.325	0.14178804	4.4980836	0.4116793	0.071055315
84	5.387583	0.7733059	61.045216	0.23147672	4.3211994	2589.9092	0.14226039	4.482433	0.40777162	0.07088718
85	5.3998866	0.7773526	62.18857	0.22918612	4.2707157	2568.2654	0.14110169	4.4584265	0.4068475	0.07114196
86	5.3719916	0.7724875	56.97216	0.2325675	4.2798967	2581.3057	0.14091027	4.466427	0.40981248	0.070769854
87	5.3791265	0.7732297	59.739014	0.22946092	4.23328	2570.354	0.141331	4.4234414	0.40775356	0.07090317
88	5.326617	0.7667066	58.993538	0.22767699	4.2341456	2561.5918	0.14032678	4.4651227	0.4054276	0.07084799
89	5.351422	0.7689393	60.745094	0.22814123	4.255765	2567.4858	0.14071764	4.4558806	0.40719077	0.07070729
90	5.3464108	0.76536274	57.677372	0.226821	4.2417507	2568.6992	0.14074554	4.4286113	0.40736413	0.07073236
91	5.3167577	0.76236546	56.89961	0.22640651	4.1897383	2555.6794	0.14013073	4.444749	0.40595117	0.07062801
92	5.2917924	0.7638629	60.32845	0.2246421	4.1828823	2557.0422	0.13940887	4.4184794	0.40725783	0.070707574
93	5.299372	0.7607855	58.610146	0.22312607	4.1719184	2540.7761	0.13894337	4.40985	0.40747905	0.070508346
94	5.3248963	0.76488566	55.194824	0.22385426	4.1601048	2543.7996	0.14012186	4.3727217	0.40869203	0.07083323
95	5.25199	0.7583952	60.32794	0.22230858	4.1430097	2520.464	0.13934402	4.3720136	0.40633845	0.07079508
96	5.28555	0.76263165	58.5412	0.22328974	4.1545396	2524.9917	0.13885775	4.3615265	0.4045516	0.07040457
97	5.263654	0.75953245	56.686916	0.22186702	4.133436	2522.397	0.13971393	4.3642616	0.40661356	0.07049535
98	5.2730365	0.75691867	59.090405	0.22107366	4.1251364	2518.9917	0.13695629	4.355368	0.40425992	0.07056545
99	5.2465315	0.75548196	58.992664	0.21861285	4.0775514	2525.9194	0.13695109	4.3216977	0.4049043	0.07059826
100	5.2470355	0.75489026	57.569683	0.21766923	4.095956	2519.432	0.13745895	4.3275824	0.4046366	0.07039676
101	5.2166348	0.7505749	59.16028	0.21769103	4.0236673	2505.1904	0.13644856	4.321735	0.4020182	0.070320226
102	5.1898746	0.75008255	57.110165	0.21693254	4.0597124	2511.7344	0.13660091	4.3484783	0.40222564	0.069839455
103	5.1671796	0.74425	59.164623	0.21409954	4.0084624	2491.155	0.13652787	4.29474	0.40250367	0.07001761
104	5.182725	0.74897534	56.264774	0.21432011	4.040568	2500.274	0.13648988	4.297906	0.40245196	0.07028978
105	5.160209	0.74534863	57.77476	0.21302718	4.0209994	2487.6482	0.1355918	4.294479	0.4033177	0.070301965
106	5.1714745	0.74233973	59.987556	0.21525091	4.015992	2484.4485	0.13462692	4.3067837	0.4003727	0.06988584
107	5.1690965	0.74205863	55.17356	0.2115971	4.0018244	2484.6907	0.13646832	4.2870116	0.40025437	0.069993295
108	5.143426	0.74296033	58.441387	0.21402499	3.979547	2472.489	0.13520105	4.266966	0.40002996	0.070015326
109	5.128546	0.7423441	53.042297	0.21425052	3.9902804	2488.5225	0.13552924	4.28289	0.4013347	0.070089586
110	5.1109157	0.74530286	58.02777	0.2100212	3.9691627	2478.168	0.13520122	4.2941065	0.40163705	0.07003357
111	5.1047187	0.7365084	56.401077	0.21105517	3.9230344	2474.397	0.13543552	4.286189	0.40145773	0.069689564
112	5.1010947	0.74044865	55.606747	0.20874883	3.9116354	2470.9553	0.13402411	4.2673116	0.4012936	0.06991384
113	5.1303053	0.74029905	56.287193	0.20918627	3.932357	2467.2935	0.13444068	4.2563996	0.40099186	0.06985236
114	5.0958223	0.74085706	55.16428	0.207733	3.9420261	2458.6538	0.13422303	4.2412505	0.40219015	0.06978782
115	5.0968785	0.73678184	58.06477	0.20756176	3.9089458	2467.222	0.13263956	4.241423	0.39799812	0.06974033
116	5.072163	0.7372815	57.80799	0.20844662	3.8977325	2455.8328	0.13402975	4.244245	0.39916202	0.07008573
117	5.0391183	0.7350821	54.12717	0.20882107	3.8982725	2446.703	0.13291366	4.2390366	0.4009662	0.06935706
118	5.0240016	0.7314822	54.87497	0.20583276	3.8761218	2442.7837	0.1334678	4.208065	0.39983642	0.06954125
119	5.0041966	0.7226712	55.447315	0.20542733	3.870066	2418.0942	0.1325826	4.1984234	0.39577925	0.06929735
120	5.0155573	0.7268964	56.0438	0.20382091	3.8917034	2450.0015	0.13241486	4.228263	0.39689952	0.06949727
121	5.0261683	0.730078	54.48928	0.20549002	3.8554628	2441.2239	0.13309823	4.1928134	0.4004825	0.0693852
122	5.052221	0.7281222	53.901134	0.20479153	3.8344238	2452.4402	0.13210353	4.232294	0.39918172	0.0693048
123	5.010296	0.72298735	53.69035	0.20388778	3.824651	2426.553	0.13166805	4.1990743	0.398985	0.06916324
124	5.021445	0.72358763	56.15507	0.2019939	3.8191092	2437.3843	0.1314699	4.2096105	0.39870197	0.06930518
125	4.9737573	0.7197377	55.33891	0.20130497	3.8288634	2410.3738	0.13229737	4.188899	0.39508808	0.0690167
126	4.96384	0.71744	53.2287	0.20184895	3.8096204	2400.0215	0.13099828	4.169385	0.3952703	0.06957353
127	4.9592357	0.7163354	56.139595	0.20097879	3.8128846	2387.186	0.1298165	4.1806474	0.39448255	0.06893738
128	4.9856734	0.7184303	54.273228	0.20120022	3.8022847	2404.3394	0.13109471	4.179026	0.39536172	0.06924742
129	4.953519	0.7150109	54.09361	0.19878566	3.796407	2401.3916	0.1309462	4.163303	0.39645693	0.06888845
130	4.9474273	0.7148977	54.48493	0.19998237	3.771669	2405.692	0.13021083	4.1652346	0.3947781	0.06937429
131	4.89871	0.7192716	55.62701	0.19742124	3.806474	2397.7686	0.13023342	4.151681	0.3940756	0.06924386
132	4.919742	0.7128093	52.89245	0.19781764	3.7880692	2398.5947	0.13089097	4.1865253	0.39696464	0.069496915
133	4.914341	0.71607596	53.296574	0.19870396	3.7663546	2404.8865	0.13062386	4.1700077	0.39543995	0.06878059
134	4.872304	0.70922464	54.518692	0.19629696	3.7724211	2378.8977	0.13083519	4.1410246	0.39287353	0.06867823
135	4.917914	0.7076108	56.232372	0.1966189	3.7525337	2371.4395	0.12888975	4.1484003	0.39342335	0.068706624
136	4.898048	0.71056813	52.501774	0.19707763	3.7570376	2387.81	0.12844992	4.1513515	0.39427146	0.069342725
137	4.9052496	0.71321213	52.768353	0.19703369	3.7406852	2395.1938	0.12947516	4.1704082	0.3951801	0.06886121
138	4.88036	0.71300334	53.100037	0.19765618	3.75436	2397.8657	0.1297098	4.1711183	0.39458856	0.068976626
139	4.91048	0.70817214	53.6258	0.1949323	3.7479172	2381.531	0.12843962	4.140009	0.3948485	0.06906332
140	4.8823647	0.70653105	52.859135	0.19483177	3.7457976	2390.637	0.12835366	4.160345	0.39060757	0.06871235
141	4.8879924	0.71081287	53.712746	0.19495445	3.7242925	2378.8118	0.12852935	4.132043	0.39548868	0.06882721
142	4.835681	0.70177275	53.643066	0.1933131	3.7286723	2373.359	0.12813011	4.1351547	0.3930084	0.068827994
143	4.870375	0.7090214	50.627495	0.19424577	3.722714	2363.0154	0.12882662	4.132532	0.391103	0.06925017
144	4.8165884	0.70288235	55.086617	0.19245982	3.7047007	2367.8208	0.12794445	4.127323	0.391689	0.06857008
145	4.8310795	0.70088696	50.957222	0.1915576	3.7085686	2366.8892	0.12729573	4.126825	0.39535493	0.06845151
146	4.770563	0.7004677	54.244644	0.19354458	3.718589	2376.384	0.12664908	4.1351147	0.39214966	0.068625964
147	4.8233895	0.70441693	55.51264	0.19192493	3.7144086	2366.2922	0.12763824	4.1030974	0.39433372	0.068535425
148	4.8198895	0.7002186	50.967293	0.19145747	3.7204273	2363.812	0.1261248	4.11734	0.3922197	0.06824963
149	4.820297	0.70073587	51.855156	0.19045901	3.697431	2351.5251	0.12627497	4.089412	0.39215323	0.06859363
150	4.742781	0.6960644	53.139427	0.18882723	3.6976097	2357.8745	0.12649228	4.1078396	0.39187986	0.06841414
151	4.7669516	0.6987575	51.99972	0.19038391	3.711553	2349.2258	0.12704448	4.10746	0.39439783	0.068657845
152	4.782903	0.7005386	51.46036	0.18960854	3.707112	2344.5974	0.12706952	4.096713	0.39225227	0.06817873
153	4.779834	0.69933116	51.839165	0.1899336	3.701163	2353.173	0.12670174	4.0811586	0.39132863	0.068395466
154	4.7778935	0.70059013	51.994705	0.18861514	3.7121804	2342.0544	0.1267524	4.0909925	0.3930415	0.06828999
155	4.7477374	0.6914604	51.64483	0.1878267	3.6893842	2333.2378	0.12611422	4.0816903	0.39020696	0.06821756
156	4.7590175	0.70036685	52.993828	0.18899578	3.697462	2357.9778	0.12558596	4.097847	0.39119	0.068449534
157	4.7530575	0.6948046	51.63104	0.18670462	3.6866462	2337.1062	0.12623161	4.0672	0.3920001	0.06810624
158	4.7082376	0.686605	53.04495	0.18621697	3.685739	2331.7273	0.12516974	4.0796776	0.39116406	0.06820452
159	4.7483563	0.69459397	51.82777	0.18761744	3.6936653	2352.9348	0.12535694	4.097624	0.3906836	0.067898355
160	4.732888	0.69347453	50.379894	0.18696548	3.6993968	2323.882	0.12501389	4.072652	0.393169	0.06828559
161	4.7391114	0.693066	51.013912	0.1891509	3.6894877	2333.1548	0.1259961	4.0983133	0.39088228	0.06829533
162	4.701888	0.6881467	51.805855	0.1880377	3.6753833	2306.9255	0.12413161	4.0608177	0.39030758	0.068121314
163	4.7397184	0.6902485	50.068066	0.18447955	3.6624672	2335.9395	0.12449155	4.073805	0.3900635	0.0684971
164	4.6888223	0.6845883	52.499138	0.18611623	3.673204	2304.6377	0.124688	4.051108	0.38890922	0.06802124
165	4.671645	0.6849863	51.903522	0.18436602	3.6899724	2321.695	0.12516193	4.0513215	0.3880061	0.06749888
166	4.694246	0.6875473	52.486546	0.1841909	3.6870973	2301.4373	0.12374958	4.048998	0.38859355	0.06778694
167	4.6585083	0.68632	50.277737	0.18514243	3.6722043	2293.3354	0.12433987	4.047281	0.38758722	0.067937896
168	4.658903	0.6857086	50.04698	0.18418293	3.6616414	2311.345	0.12372797	4.038452	0.3903489	0.06833799
169	4.66915	0.6828122	50.814594	0.18515442	3.6510968	2318.785	0.12439211	4.0583425	0.38697463	0.067669064
170	4.657551	0.68344784	52.29095	0.18285817	3.668654	2300.426	0.123591855	4.0565104	0.38948768	0.067935094
171	4.661705	0.6826838	52.47491	0.1836582	3.6929092	2284.7698	0.12436367	4.024796	0.38952234	0.0678571
172	4.621733	0.6829261	50.21144	0.18196817	3.6590748	2300.818	0.123098515	4.0451946	0.39007342	0.06753231
173	4.590671	0.6784478	50.684917	0.18208009	3.6637647	2302.238	0.12366778	4.0607944	0.38934204	0.06819202
174	4.636785	0.6846912	50.171856	0.18437755	3.6699321	2305.1162	0.12347862	4.042196	0.38651636	0.067922875
175	4.652192	0.6787944	49.943115	0.18363653	3.64822	2279.3079	0.123653166	4.0328608	0.38547903	0.06778562
176	4.6479883	0.68412167	50.86316	0.1839052	3.6672847	2292.2444	0.12380475	4.035857	0.3871401	0.06794698
177	4.6366897	0.67620087	51.157444	0.18066716	3.65175	2297.8179	0.1232174	4.0434413	0.38330188	0.067489855
178	4.6389675	0.6788322	51.537395	0.1829204	3.6621795	2288.421	0.12254032	4.0338745	0.38749516	0.067895174
179	4.5927773	0.6777394	48.91539	0.18212524	3.6406412	2277.7874	0.1227331	4.018307	0.38883924	0.06816681
180	4.597442	0.6790732	50.77704	0.1819514	3.633736	2289.2744	0.122552864	4.036245	0.3869332	0.06795193
181	4.6026864	0.6806956	51.105747	0.18134317	3.650496	2284.0107	0.12259908	4.0261984	0.3870738	0.06759111
182	4.602831	0.6781979	50.990383	0.18108106	3.641734	2274.2449	0.12246153	4.0052786	0.3886967	0.06784874
183	4.608122	0.6724678	49.731083	0.17964384	3.6524544	2267.8403	0.12151527	3.9983912	0.38566512	0.06746915
184	4.5935163	0.67344975	50.14171	0.18020132	3.6560464	2281.4294	0.12277074	4.0351014	0.3888415	0.06757508
185	4.580276	0.67483115	49.15245	0.17889042	3.6470566	2269.508	0.122157134	4.0119076	0.38534033	0.068070434
186	4.6139765	0.6740109	51.051174	0.17961827	3.651179	2296.4995	0.121364765	4.0251646	0.38737696	0.067814566
187	4.5606046	0.6754291	50.185455	0.17796011	3.6532388	2280.5156	0.121476986	4.0469565	0.38680765	0.06760108
188	4.5902877	0.676902	50.686634	0.17938694	3.6352134	2274.603	0.121676296	4.0183473	0.38561594	0.06772211
189	4.5671864	0.6751447	50.20323	0.18109524	3.661374	2278.311	0.12230576	4.0172687	0.38742372	0.06793986
190	4.5507107	0.66928226	49.575596	0.17725855	3.6518054	2259.413	0.12168899	3.996397	0.3865306	0.067644596
191	4.550771	0.67201006	49.406834	0.17718555	3.6466737	2273.1655	0.12078846	4.018949	0.38469937	0.06776317
192	4.553492	0.67063195	49.90558	0.17807212	3.6377156	2266.4941	0.12093392	4.006713	0.38595882	0.067580216
193	4.5118575	0.66543925	48.49374	0.17727399	3.6372857	2258.942	0.12032784	3.9825053	0.3836017	0.06748254
194	4.505886	0.67075354	50.080082	0.17785686	3.6316972	2245.9536	0.12182524	3.9815965	0.3851894	0.06713834
195	4.5182858	0.6681954	49.932213	0.1742719	3.6565306	2264.2886	0.120918185	3.9930742	0.38754183	0.06755286
196	4.5426908	0.6726854	49.64142	0.17779163	3.622367	2265.6282	0.121198535	4.0051613	0.3871352	0.067732126
197	4.553026	0.67241126	49.568707	0.17735222	3.607171	2253.153	0.12031591	3.97131	0.38581878	0.06752017
198	4.541766	0.667472	50.257416	0.17770804	3.6395805	2248.6914	0.12061764	3.9757004	0.38628674	0.067460455
199	4.519762	0.66567457	49.196526	0.17675179	3.6253817	2229.1243	0.120893694	3.9851942	0.38537204	0.06735144
200	4.5076656	0.6701145	49.08219	0.1776662	3.6230953	2259.5808	0.12092881	3.9909012	0.38800073	0.06732593
201	4.5232487	0.6691158	49.410606	0.17510644	3.6078525	2249.8533	0.12086269	3.985442	0.38690403	0.067318656
202	4.5012455	0.66779727	49.274166	0.17650007	3.6281667	2239.5825	0.12023973	3.9793708	0.3884106	0.06736001
203	4.506113	0.6654647	49.6655	0.17687427	3.632435	2243.0852	0.119980514	3.9790986	0.3832348	0.06729371
204	4.4921913	0.6676574	50.667393	0.17342171	3.6246963	2233.258	0.12132349	3.9901934	0.3837591	0.06740794
205	4.4753985	0.66074926	47.913864	0.1739421	3.610932	2239.2651	0.120031066	3.9803662	0.38582337	0.067344956
206	4.4696784	0.6649776	48.838245	0.17525113	3.6294634	2231.6714	0.119548984	3.9879742	0.38578823	0.06719135
207	4.490505	0.6630902	49.467297	0.17526862	3.6238751	2221.0554	0.11937301	3.9512155	0.3850707	0.067260556
208	4.5190787	0.6648588	50.637936	0.17310742	3.611668	2229.2559	0.12025731	3.9678879	0.38539702	0.067565046
209	4.485445	0.6617101	48.250763	0.17462896	3.6375823	2229.9856	0.119814985	3.9626417	0.38408494	0.06747995
210	4.4529366	0.66031	48.579933	0.17398974	3.6314464	2214.2173	0.11953949	3.962341	0.3834708	0.06711968
211	4.4635444	0.66027	48.51078	0.17455257	3.6333668	2221.9434	0.11893857	3.9835663	0.3819521	0.067362055
212	4.4807777	0.6644316	49.11868	0.17481548	3.61178	2244.4907	0.120348975	3.9826524	0.38413316	0.0672208
213	4.471901	0.6629817	48.41239	0.17285155	3.6265285	2220.416	0.11988075	3.947453	0.3824199	0.0674307
214	4.4570646	0.6603219	49.64552	0.1717938	3.6077518	2221.7688	0.11918776	3.949629	0.38374496	0.06710079
215	4.4361224	0.6597955	48.097164	0.17031047	3.6180015	2210.2227	0.1173966	3.9302788	0.38257232	0.06723559
216	4.4464517	0.65928847	49.276897	0.17293902	3.6016014	2221.612	0.11891116	3.9450247	0.3832053	0.06718439
217	4.429262	0.6624014	47.93653	0.17446074	3.6357338	2223.6084	0.118322216	3.9409394	0.38240328	0.06669171
218	4.427137	0.6547837	48.56581	0.17293826	3.6435654	2216.4214	0.11870936	3.9448195	0.38256547	0.06710689
219	4.4248285	0.65866256	48.357605	0.17232887	3.6099138	2205.8035	0.118149795	3.9383729	0.3828647	0.067487754
220	4.4380445	0.660075	48.04705	0.17125033	3.6168363	2214.815	0.11813213	3.9398508	0.38547432	0.06752521
221	4.409408	0.65524036	47.906906	0.17143564	3.6216962	2212.8572	0.118449494	3.9258199	0.38264322	0.067356326
222	4.426788	0.65870786	49.54973	0.17344227	3.622188	2231.069	0.11894123	3.9549763	0.3802832	0.06728115
223	4.4263387	0.6574532	48.056458	0.17238367	3.6044142	2212.3013	0.118328914	3.9207256	0.3827529	0.06669254
224	4.427598	0.65889126	48.101612	0.17042284	3.605121	2208.0322	0.118578985	3.9330654	0.38163343	0.06721578
225	4.4130874	0.6603524	47.992085	0.1716686	3.6079447	2207.082	0.11771296	3.9483595	0.3823588	0.067032725
226	4.4169235	0.65564495	48.650444	0.17116635	3.6231012	2206.9045	0.11788901	3.9269173	0.38089475	0.0668279
227	4.4022136	0.65429103	47.58718	0.17455702	3.6261034	2202.5933	0.1176456	3.9444754	0.38316038	0.067505226
228	4.405914	0.6583547	48.494526	0.17272878	3.6219168	2198.7778	0.11667261	3.9303086	0.3844114	0.06706431
229	4.4117846	0.65739065	50.087418	0.1706936	3.6064053	2213.8403	0.11828892	3.9313865	0.3831446	0.067146674
230	4.404408	0.6524174	48.337303	0.1706758	3.6069353	2197.27	0.11782201	3.9101663	0.38176018	0.066816896
231	4.3952227	0.65426534	48.626846	0.17056282	3.6099293	2206.0256	0.116713524	3.9095638	0.38182107	0.06698584
232	4.421141	0.65871024	47.50995	0.16956672	3.59854	2206.374	0.11715289	3.937923	0.38271126	0.0669793
233	4.374	0.6533274	47.71918	0.17093161	3.6122851	2200.5085	0.11746962	3.9249144	0.38146123	0.06706515
234	4.4043126	0.65919304	47.352158	0.17259282	3.608078	2213.012	0.11872294	3.9397337	0.38153744	0.06727521
235	4.412905	0.65576094	48.201633	0.16913846	3.6258008	2196.9758	0.117303744	3.9048483	0.38170168	0.06677116
236	4.332482	0.64815646	47.6801	0.16961944	3.5866969	2190.7144	0.11782221	3.910567	0.3806563	0.06700905
237	4.4015946	0.65451896	47.95604	0.17083074	3.6091845	2195.079	0.116904914	3.9048889	0.38339993	0.06702309
238	4.3988433	0.65395856	46.60684	0.16978326	3.592346	2194.0483	0.116686955	3.928703	0.38205484	0.066789664
239	4.359805	0.64987916	48.26956	0.1687773	3.6043625	2182.9019	0.117363386	3.9055002	0.38274336	0.06656045
240	4.3696914	0.6496637	47.717827	0.17079583	3.6163995	2202.2305	0.11789384	3.911334	0.38161445	0.066582024
241	4.4049587	0.65507627	48.477604	0.1707911	3.6065018	2186.1082	0.11723827	3.931026	0.38179132	0.06672105
242	4.369537	0.6503477	47.5317	0.16805337	3.5990396	2170.9805	0.11620814	3.885719	0.38049114	0.06705191
243	4.356057	0.64611566	48.70212	0.16862094	3.6106267	2169.943	0.11725594	3.896629	0.37927952	0.06680985
244	4.3624926	0.6494732	48.888977	0.16822405	3.5939288	2176.0889	0.11707362	3.8854759	0.38164207	0.066340715
245	4.350333	0.65429074	46.80238	0.16916142	3.6010993	2181.0042	0.116601475	3.9091218	0.38199255	0.0667145
246	4.3612075	0.64932454	47.949112	0.16719837	3.602011	2177.2302	0.1160226	3.906421	0.37870157	0.06650829
247	4.3441415	0.64624	47.89517	0.16784266	3.6033583	2188.0093	0.11693579	3.921292	0.37964794	0.06702749
248	4.368566	0.6540338	47.379017	0.16899396	3.6012053	2194.7888	0.1167433	3.9252555	0.3801936	0.06675512
249	4.3452535	0.6505423	47.59382	0.16893001	3.5883765	2181.7422	0.115764506	3.9107344	0.38011	0.066293225
250	4.3808436	0.65284985	47.572487	0.16787516	3.607644	2180.219	0.11565734	3.9086668	0.37911755	0.06699949
251	4.3618593	0.6491775	48.561493	0.16889177	3.605332	2195.0945	0.11646666	3.8899481	0.3790794	0.067084916
252	4.341386	0.6493005	46.869553	0.16765164	3.5916927	2179.1677	0.116118215	3.925743	0.37841725	0.06678543
253	4.341892	0.6453787	47.697926	0.16734564	3.5851038	2174.6738	0.116622016	3.902682	0.37861273	0.06662527
254	4.320179	0.6497864	46.434254	0.167175	3.5991266	2165.8884	0.11550442	3.8859084	0.3809936	0.06626603
255	4.346163	0.64671004	48.24322	0.16886826	3.592191	2180.2175	0.11671167	3.9078555	0.37960485	0.066796996
256	4.300528	0.6452292	46.145496	0.16647382	3.5972881	2178.0093	0.11664287	3.9070683	0.3824957	0.066535965
257	4.34006	0.6528806	47.49362	0.1648719	3.5994134	2179.959	0.11479264	3.899158	0.37672585	0.06648342
258	4.306709	0.6489502	47.022522	0.16751334	3.597995	2172.6091	0.11505389	3.8735418	0.37920257	0.066306
259	4.3211327	0.64883024	47.44552	0.16652508	3.6036599	2163.5605	0.1158068	3.8871248	0.3784056	0.06647033
260	4.3386655	0.6508437	47.688198	0.16755599	3.600846	2161.1038	0.1153994	3.8987334	0.38200152	0.06664848
261	4.2941856	0.64846665	47.563972	0.167314	3.6092248	2172.4114	0.11525531	3.9055133	0.38021615	0.066279165
262	4.3286815	0.6514298	47.54117	0.16679752	3.6114805	2164.5654	0.11594075	3.874293	0.37876552	0.06677063
263	4.3079906	0.6497251	46.500126	0.1676204	3.6015465	2176.1702	0.1156088	3.88013	0.37966388	0.066433124
264	4.3003054	0.6475066	46.501656	0.16528298	3.585195	2159.5742	0.11486783	3.897203	0.37650624	0.06645209
265	4.290131	0.6463363	47.332375	0.16532405	3.589271	2166.6353	0.11591423	3.8704786	0.37703332	0.06675631
266	4.3157973	0.6445599	46.95401	0.16617715	3.594218	2147.6548	0.11523787	3.860556	0.37856615	0.06603411
267	4.2998595	0.6436536	47.033066	0.16516155	3.592469	2163.4338	0.11477752	3.8707414	0.37940565	0.06692607
268	4.301352	0.64564174	47.92922	0.16630976	3.613666	2172.5527	0.114105634	3.901017	0.37949678	0.06636311
269	4.310512	0.6444707	47.272186	0.16663156	3.5926592	2157.3079	0.11507717	3.8818984	0.37889996	0.06673444
270	4.265608	0.64291817	46.226658	0.16393349	3.5832002	2158.9219	0.11415586	3.8876588	0.37814128	0.06639254
271	4.2632823	0.64209884	46.4739	0.16604102	3.5803287	2158.8792	0.11495259	3.870217	0.37891906	0.06677389
272	4.248141	0.6409725	46.36429	0.16373524	3.5876615	2154.8474	0.11446535	3.8836029	0.37680858	0.066168524
273	4.278886	0.6417139	46.353218	0.16308618	3.5828042	2140.966	0.11467415	3.8795507	0.37625906	0.06630293
274	4.2936597	0.6413554	47.001076	0.16661541	3.5957563	2171.1096	0.114500575	3.9065726	0.38000032	0.066814594
275	4.258338	0.63585603	47.582615	0.16448675	3.5825386	2151.8577	0.11532535	3.9060352	0.37755558	0.06619795
276	4.2785525	0.6387577	46.7739	0.16571613	3.5786498	2159.6035	0.11401309	3.884609	0.377413	0.06660403
277	4.2824297	0.64257604	46.792522	0.16511029	3.5896776	2140.2468	0.114974655	3.8768032	0.37929273	0.06643016
278	4.3036437	0.6424192	46.681305	0.16424769	3.5821207	2157.8403	0.11444082	3.9040713	0.37819445	0.06617612
279	4.2754283	0.6448336	46.506508	0.16467036	3.572165	2150.7173	0.114312574	3.8606489	0.37765837	0.06643876
280	4.236643	0.639786	46.229923	0.16649991	3.5807862	2142.269	0.11454496	3.8878615	0.37862	0.066278145
281	4.2880225	0.64126474	47.330914	0.1650171	3.578946	2146.1587	0.11465942	3.8824947	0.3773933	0.06643457
282	4.2962923	0.6413125	46.317024	0.16433297	3.582186	2148.987	0.114185244	3.8780608	0.37697452	0.066534966
283	4.2469106	0.6416601	47.20658	0.163348	3.5709817	2160.7117	0.113701366	3.8878567	0.37695077	0.0663852
284	4.2709713	0.6399409	45.897606	0.16336346	3.5815067	2144.372	0.113302425	3.889948	0.37582326	0.06678747
285	4.2836137	0.6386989	46.92375	0.16504075	3.5729914	2138.6663	0.11371933	3.8722203	0.37905222	0.06637832
286	4.253474	0.640759	46.06807	0.16195364	3.5857012	2148.6904	0.11359869	3.8747554	0.37613016	0.06661758
287	4.272482	0.63913697	46.58545	0.16371734	3.572495	2136.811	0.11286218	3.8626645	0.3774189	0.06642429
288	4.20728	0.6414634	46.194824	0.16312696	3.584437	2140.1494	0.113933116	3.8479433	0.37735155	0.06668684
289	4.2382746	0.635143	45.61734	0.16390304	3.574451	2144.5505	0.11322686	3.8720803	0.37475687	0.06625318
290	4.253563	0.6398016	46.316837	0.1617215	3.598032	2132.8042	0.113590896	3.848953	0.37631828	0.06638748
291	4.226271	0.63456196	46.02698	0.16080882	3.5739539	2129.5813	0.11284399	3.8438559	0.37524062	0.06633562
292	4.239453	0.6365322	46.005405	0.16247559	3.5593987	2131.048	0.11307728	3.850813	0.37737784	0.066499494
293	4.251391	0.6408053	47.270584	0.16280332	3.5735953	2137.364	0.11370909	3.8566728	0.37820125	0.06599961
294	4.2441325	0.64038885	46.45048	0.16159122	3.5662727	2134.3237	0.11461334	3.8609333	0.37800157	0.066544846
295	4.2677007	0.63614684	45.798496	0.16189073	3.5817876	2149.305	0.11334318	3.878459	0.3754211	0.066717535
296	4.2305937	0.6339759	45.86301	0.16239268	3.571899	2133.4175	0.114066355	3.848855	0.37803853	0.06643084
297	4.247929	0.63744587	46.82651	0.1627353	3.584615	2142.632	0.11365047	3.8338773	0.3759871	0.06629604
298	4.2800674	0.6364516	45.99128	0.16542117	3.5762446	2139.8794	0.11439228	3.872559	0.37695283	0.066269934
299	4.219365	0.6354342	46.13853	0.16276735	3.5678322	2126.8362	0.11330163	3.8344357	0.3755274	0.066356085
300	4.219489	0.634547	45.734474	0.16160984	3.5720687	2143.6055	0.11401362	3.875827	0.3760763	0.0662638
301	4.26575	0.64018625	46.35867	0.16345833	3.573665	2148.9211	0.11350433	3.8838327	0.3753666	0.06610345
302	4.2058587	0.6348411	46.13559	0.16096671	3.577915	2118.8237	0.11279682	3.8494678	0.37507126	0.06663252
303	4.2059183	0.63696367	46.94691	0.16229391	3.5733314	2139.5667	0.112753466	3.8652701	0.37711686	0.06607457
304	4.217229	0.6382757	45.58272	0.15994339	3.5840373	2136.889	0.11330768	3.8548195	0.37710804	0.0662742
305	4.222905	0.6411855	45.572132	0.15927067	3.56365	2144.7502	0.112776086	3.8694968	0.37592378	0.066480264
306	4.199768	0.63517356	46.020283	0.1633176	3.5802639	2130.4265	0.1130885	3.8617954	0.374914	0.06612958
307	4.2329597	0.64088935	45.937916	0.16251588	3.5725355	2142.007	0.11311948	3.8798852	0.37544024	0.066374205
308	4.2020082	0.63879097	46.79368	0.1614318	3.5818174	2134.5562	0.112729296	3.8393965	0.3780992	0.06634672
309	4.2121463	0.63779926	45.16882	0.16172211	3.5513947	2124.198	0.11347963	3.8400795	0.37596673	0.06625879
310	4.1674232	0.63473266	46.017624	0.16080761	3.5544596	2117.3394	0.11186161	3.8576934	0.37795773	0.066370055
311	4.2009816	0.63924605	45.92023	0.16127995	3.5718708	2121.3381	0.11212843	3.843656	0.3763313	0.06680289
312	4.221166	0.63615716	46.598057	0.16143543	3.5687609	2110.6636	0.11353693	3.843511	0.37777826	0.066196464
313	4.21995	0.6367273	45.859875	0.16276433	3.5942733	2124.7595	0.11293923	3.8504639	0.3752882	0.06639944
314	4.2183075	0.63673013	45.331993	0.16086178	3.5586514	2129.041	0.113066636	3.8667262	0.3746699	0.06639232
315	4.2024	0.63863677	46.153885	0.16022055	3.5559034	2125.785	0.11234121	3.841922	0.3766744	0.06606556
316	4.2149873	0.6343408	45.4778	0.1608726	3.5821517	2127.5378	0.11212383	3.836326	0.37432852	0.06633672
317	4.2114897	0.63451105	45.917747	0.16143423	3.5566447	2118.5127	0.112408005	3.8491323	0.37489948	0.06598347
318	4.168671	0.63108855	45.187916	0.16053067	3.5744946	2131.906	0.11233185	3.8576596	0.37369248	0.06652827
319	4.2272024	0.6391974	45.6738	0.16112521	3.5833526	2134.1248	0.112727314	3.8515227	0.3765104	0.06601054
320	4.23485	0.63640827	45.77943	0.16332638	3.5685167	2141.2544	0.11264008	3.8661108	0.37488225	0.06666608
321	4.1946454	0.63530326	45.640434	0.16169137	3.5560422	2115.6821	0.11211985	3.8199296	0.3759737	0.06614265
322	4.206743	0.6364565	45.67735	0.1605943	3.5840356	2119.2683	0.11258045	3.844367	0.3771366	0.066589825
323	4.181381	0.633263	46.68751	0.16095687	3.552089	2126.3596	0.11198005	3.8480933	0.3754357	0.066295795
324	4.2154975	0.63473886	45.182915	0.16000265	3.5722244	2111.1777	0.111944616	3.8263779	0.37497142	0.065981224
325	4.1896634	0.6329562	45.75385	0.1586915	3.559066	2120.9138	0.111889236	3.8289354	0.37496036	0.06614985
326	4.1767516	0.63577044	44.953934	0.15993676	3.5709686	2111.1807	0.1113991	3.834277	0.37657672	0.0663616
327	4.1919436	0.63277346	46.048122	0.16038439	3.5634365	2117.854	0.11253297	3.8523698	0.37429965	0.066485874
328	4.166237	0.6317068	45.60902	0.160662	3.5606475	2109.5967	0.11150059	3.8230152	0.37618053	0.06619768
329	4.1872745	0.6344407	45.97933	0.15984866	3.5552697	2114.6714	0.113684826	3.8413842	0.37560457	0.06647407
330	4.2155557	0.6323808	44.939594	0.1589887	3.550827	2120.315	0.111810245	3.8504488	0.3758091	0.06641444
331	4.19105	0.629049	45.19358	0.16153033	3.5684974	2098.8008	0.111818895	3.8014953	0.37828478	0.06656636
332	4.204122	0.63247633	45.618793	0.15950483	3.5372136	2104.9263	0.11101702	3.8327715	0.37585312	0.066298775
333	4.216724	0.6330449	45.36867	0.15768556	3.546794	2117.2537	0.11191058	3.836687	0.37684312	0.06614693
334	4.186924	0.6296715	45.491158	0.16153327	3.5502596	2106.276	0.11201453	3.8480015	0.375874	0.066178836
335	4.190904	0.63108844	45.98446	0.15950486	3.5732176	2116.012	0.11195338	3.8463283	0.37608403	0.06652443
336	4.187379	0.6275812	45.366108	0.15963352	3.5654714	2105.4482	0.11156259	3.8311558	0.37275323	0.066370115
337	4.169382	0.6310289	44.849163	0.1582213	3.5637987	2118.5244	0.11079978	3.836215	0.37356067	0.066259444
338	4.1242414	0.6280304	45.852566	0.15899912	3.5684402	2100.4556	0.111121014	3.8286774	0.37661865	0.06630664
339	4.1577578	0.6299517	45.372543	0.15839124	3.5496683	2119.2546	0.11117357	3.8313043	0.37431642	0.066032395
340	4.1543827	0.6308725	46.039978	0.15843956	3.5606523	2110.3953	0.11175916	3.8322487	0.37538058	0.06617397
341	4.1514177	0.6310703	44.906548	0.16006273	3.5693295	2117.5376	0.11231688	3.8378394	0.37445948	0.066015705
342	4.149593	0.62889695	45.11533	0.15972775	3.5646918	2106.2312	0.11059654	3.845228	0.37547252	0.06622033
343	4.1579657	0.633315	44.878815	0.15986475	3.5563204	2137.0056	0.11217654	3.8482792	0.3754141	0.0662131
344	4.129729	0.62618077	45.306194	0.15714365	3.5572422	2095.3105	0.110833816	3.8008885	0.37277174	0.0661
345	4.1979704	0.6367585	45.57631	0.15846282	3.5585194	2121.7861	0.11173747	3.8391418	0.3763279	0.06595762
346	4.1424427	0.63048863	44.697887	0.15938126	3.5603182	2107.5132	0.11120486	3.8211758	0.37592018	0.06632442
347	4.171244	0.6301422	45.618366	0.15871252	3.556148	2105.865	0.11203782	3.8237221	0.37640673	0.06607105
348	4.1877117	0.6321162	45.452118	0.1607089	3.5664854	2117.9163	0.11179794	3.8461647	0.3750504	0.066175036
349	4.1744194	0.62868285	44.664337	0.1573303	3.5688221	2096.2878	0.11012473	3.810959	0.3760835	0.066157915
350	4.1718454	0.62815875	45.56726	0.15615103	3.5497022	2096.3118	0.11096753	3.8083622	0.3759387	0.065679155
351	4.1513357	0.62647396	44.76809	0.16017386	3.5564072	2099.5483	0.1111886	3.817674	0.3753341	0.06613897
352	4.134664	0.6308357	45.25928	0.15641779	3.557616	2108.1067	0.111040406	3.829544	0.37473917	0.06623505
353	4.1608114	0.62740105	45.366734	0.15956059	3.551258	2102.5159	0.111015595	3.8201396	0.37467068	0.06598068
354	4.1417065	0.6309402	45.06181	0.15907246	3.5482051	2118.061	0.11054462	3.8253922	0.37457988	0.066049784
355	4.140911	0.6312859	44.874165	0.1588284	3.560527	2107.584	0.11072715	3.8270621	0.37409723	0.066110715
356	4.1300235	0.6267525	45.19293	0.1601256	3.5612097	2106.2024	0.11155148	3.8153296	0.3728216	0.066201285
357	4.151709	0.62942505	46.03696	0.15844685	3.5359802	2107.1882	0.1105382	3.8211558	0.37450427	0.06601314
358	4.143668	0.62590617	44.71886	0.15555687	3.5544343	2105.6792	0.11103288	3.8279166	0.37464935	0.06591963
359	4.1642013	0.6268694	45.6529	0.15808144	3.5558658	2088.797	0.111028604	3.8138492	0.37369195	0.066362604
360	4.1483183	0.63127327	45.151012	0.15739028	3.5487442	2102.0989	0.11058538	3.8077714	0.37306133	0.06621128
361	4.1562285	0.6281764	45.166504	0.15769233	3.5721226	2099.2068	0.10986352	3.840538	0.37579292	0.06605958
362	4.1512284	0.6338742	45.10444	0.15901308	3.572138	2124.459	0.111568354	3.8371708	0.376733	0.0661149
363	4.130145	0.6279005	44.087612	0.1554582	3.5352516	2100.022	0.110485464	3.8151968	0.37322205	0.06593777
364	4.111257	0.62184757	44.887794	0.15662766	3.5421147	2099.2805	0.11005818	3.8196692	0.37546203	0.06610922
365	4.13988	0.6252765	44.91588	0.15976188	3.5588136	2116.4854	0.1104731	3.8301494	0.37294853	0.06636344
366	4.1356964	0.6294608	45.357166	0.1562639	3.5526295	2102.357	0.1103074	3.8137188	0.37411734	0.06618744
367	4.125142	0.62701124	45.1562	0.15776671	3.5590255	2097.8687	0.11028792	3.8214188	0.3750238	0.06602669
368	4.123337	0.62713665	44.865772	0.15705754	3.5522742	2090.194	0.11060618	3.82983	0.37442154	0.06636616
369	4.1544127	0.62982196	45.07459	0.15814728	3.5516958	2100.443	0.110416055	3.8136594	0.37335917	0.066123076
370	4.0936255	0.6253624	44.827328	0.1556536	3.5408895	2087.295	0.11016304	3.8358898	0.3717502	0.0661866
371	4.135661	0.62926084	44.468403	0.15735655	3.546519	2098.1624	0.10900948	3.7998548	0.3718866	0.066183
372	4.14644	0.62290424	44.553963	0.1581182	3.5519705	2089.2126	0.11029536	3.8049667	0.37236762	0.06590198
373	4.120757	0.62372684	45.09426	0.15636206	3.5567126	2097.9817	0.10940102	3.82068	0.3728429	0.06646313
374	4.150783	0.6271058	44.65587	0.15744272	3.5503955	2106.8435	0.11000206	3.8300252	0.37644053	0.065987
375	4.0937796	0.6248294	44.67267	0.15650599	3.5389626	2093.682	0.11055569	3.8283663	0.3732612	0.06578549
376	4.1069865	0.62989026	44.917786	0.15811037	3.5439386	2087.4744	0.11071314	3.7940595	0.37390193	0.06562182
377	4.132045	0.62481433	45.32156	0.15710476	3.543123	2085.5183	0.110294245	3.8088362	0.3740016	0.06581076
378	4.133831	0.62722915	44.72312	0.15739752	3.5490878	2102.8855	0.1096156	3.8438983	0.37356052	0.06612951
379	4.122077	0.62819606	44.456238	0.15529239	3.532782	2088.9143	0.11028695	3.836347	0.37292343	0.06605333
380	4.1506476	0.62886786	45.030487	0.15713176	3.5532868	2094.444	0.11005629	3.833353	0.37400496	0.06560526
381	4.110264	0.62423354	44.430454	0.15662393	3.56358	2089.0435	0.10976131	3.799573	0.37395185	0.06592637
382	4.167593	0.62488246	45.26926	0.15793516	3.5558546	2091.328	0.10997034	3.831327	0.37405792	0.06582698
383	4.09194	0.6221504	44.68215	0.15496568	3.5311875	2074.007	0.10945954	3.800526	0.37360376	0.06582292
384	4.104704	0.62523264	44.222355	0.15546578	3.5543313	2092.4734	0.109152965	3.8082426	0.37350744	0.06579932
385	4.090416	0.62284815	45.23637	0.15740903	3.5443277	2083.478	0.11018463	3.8093638	0.3723584	0.065834075
386	4.1179886	0.6242758	44.883396	0.15811129	3.5519352	2103.7083	0.110299855	3.815831	0.37430814	0.06623049
387	4.0916986	0.62809247	44.475517	0.15513282	3.532982	2082.7378	0.10948021	3.7999983	0.3756045	0.06606096
388	4.0756955	0.6186576	44.948788	0.15590462	3.5554647	2085.13	0.10994841	3.812199	0.37311953	0.065929666
389	4.1120963	0.62656355	44.208145	0.15861233	3.5527816	2098.8318	0.109457046	3.8179605	0.37368876	0.066011064
390	4.1025887	0.6282123	44.50321	0.15736069	3.537281	2099.117	0.1100503	3.8089619	0.37401155	0.065848455
391	4.1137495	0.6234302	44.471916	0.15566957	3.532223	2089.087	0.10957271	3.8109655	0.37261146	0.0659292
392	4.1227036	0.6228137	44.148594	0.15459907	3.548229	2074.8933	0.1095149	3.810494	0.3741287	0.06586652
393	4.1049805	0.62699294	45.068436	0.15549855	3.5336325	2087.8296	0.10971795	3.8170815	0.3741276	0.06598518
394	4.106944	0.624763	44.586002	0.15776959	3.5411723	2088.285	0.11075868	3.8059468	0.37475735	0.06604279
395	4.1135445	0.62618136	44.415356	0.15648961	3.5377924	2103.0205	0.10973946	3.8103898	0.37306067	0.065647
396	4.1001167	0.6254115	45.500088	0.15719734	3.5422943	2083.155	0.10886707	3.8190002	0.3726182	0.06609828
397	4.1002674	0.62239397	44.39354	0.155945	3.532431	2087.393	0.10985493	3.8004587	0.37314197	0.06628246
398	4.089837	0.62231827	44.303146	0.15578827	3.548769	2082.1145	0.108475976	3.7931895	0.37158412	0.06563875
399	4.1075597	0.62885165	44.479275	0.15538044	3.560401	2089.262	0.11000175	3.7770236	0.3752443	0.06602347
400	4.093245	0.62344706	44.47508	0.15412778	3.5194561	2090.215	0.109078	3.813067	0.37197775	0.065845184
401	4.0874963	0.6226921	44.133606	0.15522887	3.5364518	2086.8694	0.1088701	3.8083115	0.37386855	0.06589839
402	4.0667567	0.62416184	43.99701	0.15454277	3.529273	2082.1614	0.10900931	3.7941716	0.3736313	0.0657643
403	4.087883	0.6235782	44.509815	0.15450366	3.536733	2082.1428	0.10979542	3.8059301	0.37305582	0.06625193
404	4.0521517	0.6229266	45.11862	0.15530498	3.5408661	2077.2737	0.10922444	3.8115335	0.3742569	0.0660447
405	4.11039	0.6250672	44.434696	0.15577619	3.5355446	2077.4468	0.10882742	3.8009038	0.37381598	0.06574672
406	4.061475	0.6249343	44.52781	0.15528695	3.5349865	2080.0178	0.109325685	3.8077445	0.37253338	0.06584867
407	4.071163	0.6218975	44.199036	0.15369232	3.523672	2079.8044	0.10800169	3.7844648	0.3714736	0.06595802
408	4.0843086	0.6196675	43.651844	0.15611611	3.55386	2089.6157	0.108615875	3.8069248	0.36899775	0.06595336
409	4.0932126	0.6227545	44.702568	0.1549318	3.5493195	2082.8606	0.108926915	3.8153625	0.37390664	0.065694444
410	4.074952	0.6231775	44.64117	0.15607923	3.552985	2080.0227	0.108300544	3.8044803	0.37256432	0.066233814
411	4.101147	0.6220522	44.27414	0.15444651	3.5167117	2073.7495	0.1089118	3.783411	0.3730049	0.06614754
412	4.0696363	0.61849403	44.171295	0.15508647	3.5273514	2080.0068	0.10901748	3.7934027	0.37193215	0.065692924
413	4.093098	0.62286603	44.9615	0.15683645	3.5380597	2090.406	0.10920414	3.8066342	0.3721398	0.06585523
414	4.1207542	0.62513715	43.98197	0.15551907	3.5393882	2095.8342	0.10903985	3.8081143	0.37312678	0.0660532
415	4.080863	0.6193147	44.440147	0.1551946	3.5351002	2073.2246	0.10990619	3.7949195	0.3733758	0.0659966
416	4.113469	0.62213457	44.4712	0.15766023	3.5450077	2092.4907	0.109624535	3.803187	0.3706293	0.06616805
417	4.0829415	0.6210535	44.33888	0.15390237	3.532625	2087.09	0.108548984	3.8037913	0.3721085	0.06594249
418	4.0192385	0.62125367	43.92537	0.15525378	3.553805	2071.0	0.10861452	3.789299	0.3706627	0.0657529
419	4.0569663	0.6210298	44.40173	0.1549457	3.5485451	2083.4895	0.10960701	3.8124459	0.37343234	0.06600498
420	4.063113	0.61702245	44.143295	0.15265557	3.5324528	2077.7427	0.10895439	3.794935	0.372332	0.06594289
421	4.03939	0.61675453	44.677284	0.15433861	3.5323565	2074.6067	0.10903266	3.8400688	0.37176505	0.0656542
422	4.027778	0.6178662	44.459435	0.15401597	3.5257385	2056.5378	0.10780078	3.7792075	0.37166813	0.066151835
423	4.0992794	0.6210526	44.057278	0.15552106	3.5464416	2076.8777	0.10937438	3.798524	0.37252194	0.06604742
424	4.0391173	0.6160326	43.94795	0.15386647	3.5239086	2056.8188	0.10887381	3.7935612	0.36986077	0.0660409
425	4.068691	0.6209734	44.6179	0.1553556	3.546538	2079.8984	0.10861646	3.7966778	0.37070593	0.066423245
426	4.0615273	0.6172507	44.028522	0.1543455	3.5393562	2086.459	0.10871383	3.8064911	0.37038445	0.06566741
427	4.056544	0.622872	44.220966	0.15655077	3.5217476	2077.0854	0.10907534	3.791209	0.37222	0.06602086
428	4.054429	0.62212974	43.832363	0.15547344	3.533002	2076.9863	0.10956747	3.801135	0.37402844	0.06603643
429	4.0559187	0.6181036	44.15012	0.15390952	3.5293486	2065.241	0.10849269	3.7859702	0.37207606	0.065806955
430	4.0127378	0.6162646	44.22731	0.15433487	3.5348227	2061.9087	0.109271534	3.8061993	0.36915562	0.06602344
431	4.059086	0.6209093	44.362717	0.15344101	3.551953	2086.7297	0.109076396	3.8092089	0.37170506	0.06626081
432	4.100208	0.62162524	43.32062	0.15434876	3.5516078	2080.8916	0.10932956	3.8229556	0.3740846	0.06598512
433	4.0436187	0.6231771	44.403835	0.15480338	3.526488	2069.9995	0.10792063	3.795914	0.37232566	0.06573966
434	4.047317	0.61988485	44.632534	0.15447164	3.5446336	2060.9316	0.108206436	3.7908535	0.37181938	0.06559006
435	4.042545	0.61959004	43.56917	0.1536293	3.522816	2072.8037	0.10865344	3.782116	0.37212154	0.06571562
436	4.054997	0.6157932	44.175278	0.15398033	3.5396605	2073.132	0.10846895	3.8138804	0.3710335	0.065988675
437	4.0429177	0.6159455	44.6683	0.154054	3.5570168	2054.9429	0.10819272	3.799545	0.37155873	0.0660621
438	4.0448637	0.6225735	43.623386	0.15483896	3.5278873	2064.416	0.10874105	3.7878244	0.3737303	0.06608401
439	4.026763	0.617164	44.221676	0.15424396	3.5490468	2065.6997	0.10873947	3.7877405	0.37078753	0.06591635
440	4.0706134	0.6173608	43.654686	0.15569921	3.5520203	2071.155	0.10720994	3.8011851	0.3717893	0.066173986
441	4.039938	0.61735564	44.427773	0.15548432	3.5476925	2080.0168	0.10823565	3.7960641	0.3708539	0.065823235
442	4.058887	0.61717576	44.16005	0.15344417	3.5261855	2091.1958	0.1085953	3.8015141	0.3708674	0.065776244
443	4.0703855	0.6214039	44.16438	0.15568385	3.5215528	2071.123	0.108625196	3.8123012	0.37350714	0.06578884
444	4.0623074	0.62034655	44.473618	0.15454912	3.5366454	2069.4534	0.10744219	3.7817914	0.37287676	0.0658409
445	4.026196	0.6160321	43.963257	0.15454876	3.5422006	2054.9365	0.10820646	3.7806165	0.37118298	0.06598495
446	3.9954655	0.613772	43.606964	0.15232395	3.5347416	2080.4512	0.10766271	3.8014743	0.36965328	0.06569611
447	4.0092235	0.61813366	43.667583	0.15472037	3.532188	2075.3877	0.109065354	3.807119	0.3719677	0.06610943
448	4.047522	0.6158694	44.73726	0.15285417	3.538767	2061.367	0.107846215	3.7699506	0.37117708	0.06617528
449	4.086329	0.62253976	43.142998	0.15499233	3.553118	2075.2825	0.10908916	3.7945647	0.37076187	0.06587277
450	4.061754	0.62076885	43.881294	0.15287991	3.5458865	2071.7322	0.10819628	3.80858	0.37417147	0.06598189
451	4.0584817	0.621284	44.157505	0.15307818	3.5278125	2079.3147	0.10871448	3.805929	0.3763979	0.066025645
452	4.0342216	0.61583126	44.239548	0.15528996	3.5419362	2069.9124	0.10871971	3.7861452	0.37220392	0.06582676
453	4.023447	0.62056893	44.470715	0.15375784	3.518602	2079.53	0.1089062	3.7899103	0.3730382	0.065766804
454	4.036061	0.62069327	43.3408	0.1541198	3.534094	2093.6218	0.108329825	3.8165996	0.37167653	0.06641274
455	4.02418	0.6158595	43.998936	0.15369558	3.5397146	2046.6694	0.10701579	3.7798264	0.37119368	0.066087514
456	4.00933	0.6114507	43.955814	0.15357248	3.526434	2065.6592	0.107494965	3.7914724	0.36879423	0.065894835
457	4.006258	0.61577153	43.83298	0.15216634	3.5168405	2061.9338	0.10829928	3.7780662	0.37272304	0.06575591
458	4.0710483	0.61827415	44.05138	0.15297773	3.5186975	2079.7666	0.10737067	3.8024633	0.37249833	0.06574966
459	4.0455585	0.62125486	44.12861	0.1536036	3.5313792	2066.635	0.10815188	3.7875288	0.37068403	0.06592218
460	4.059835	0.6226439	44.070915	0.15587343	3.5394745	2076.9446	0.10790229	3.793993	0.37192693	0.0655581
461	4.0126505	0.61303765	43.702736	0.1537663	3.5376127	2074.4941	0.10856418	3.8038564	0.37053883	0.0658428
462	3.9987762	0.6125988	43.8608	0.15400086	3.5492094	2058.7212	0.10765965	3.7694442	0.37162584	0.06558166
463	3.9975212	0.6157497	44.51333	0.15214023	3.518394	2075.7375	0.107644595	3.7935007	0.371808	0.06582855
464	4.0097337	0.6159017	44.16592	0.15283205	3.5317113	2060.9504	0.10842348	3.7901194	0.3728284	0.0656936
465	4.0187926	0.61627716	43.869255	0.15282384	3.5138059	2056.0117	0.1080152	3.766211	0.3715885	0.06570747
466	4.0339293	0.61451334	44.437286	0.15268713	3.5252256	2052.302	0.10648664	3.7854123	0.3699942	0.065744035
467	4.0373826	0.6181802	43.85408	0.15389265	3.526151	2061.1846	0.10792054	3.7747023	0.37257293	0.06575705
468	4.001112	0.61409056	43.976597	0.15204334	3.5274212	2057.1604	0.10748804	3.7873647	0.37128595	0.06556514
469	4.0543365	0.6200849	43.87144	0.15267977	3.527129	2083.6626	0.10750559	3.815606	0.3718346	0.06576876
470	4.038972	0.6189755	43.585358	0.15321435	3.530493	2062.5627	0.10825236	3.7714338	0.37118965	0.06594008
471	4.0018253	0.6097686	43.197247	0.15191655	3.5218947	2048.7334	0.1067685	3.7703023	0.37144706	0.06558698
472	4.029085	0.6190252	44.360905	0.15292943	3.5354426	2067.2	0.107875764	3.791551	0.37052915	0.06582035
473	4.0007453	0.6165014	43.752117	0.1513023	3.5295482	2070.6335	0.10704269	3.7906	0.3717994	0.06563227
474	4.013635	0.6140247	43.60378	0.1522141	3.538581	2071.308	0.10662055	3.784896	0.36967713	0.0658154
475	4.0155416	0.61675096	43.83535	0.15243398	3.53362	2059.4773	0.107652545	3.7601724	0.37153915	0.06565182
476	4.043826	0.61438066	43.949303	0.15394154	3.5393977	2064.4648	0.10876158	3.7857614	0.37070024	0.066072404
477	3.997945	0.61285496	43.48009	0.15251248	3.5280106	2050.8738	0.107431315	3.778784	0.37203667	0.06558617
478	4.017763	0.6126286	43.766754	0.15386881	3.5216367	2066.384	0.107616834	3.7872558	0.36982176	0.065731496
479	4.0178638	0.61606777	43.667538	0.15192026	3.5352843	2043.5052	0.10778844	3.7670774	0.36915207	0.06577406
480	3.9934666	0.6128316	44.29369	0.15243587	3.5186226	2044.4949	0.10765379	3.7762702	0.36953557	0.06560698
481	3.9971983	0.60951686	44.042202	0.15358259	3.5390525	2048.4775	0.1075661	3.7805116	0.36912125	0.06562817
482	4.028725	0.6158251	43.1388	0.15223488	3.5026553	2064.866	0.10730265	3.7641244	0.3709535	0.06572218
483	4.025427	0.6159424	44.045986	0.15116255	3.5351133	2052.123	0.10699961	3.7575128	0.37180385	0.065798305
484	4.0169473	0.6163031	44.10278	0.1533646	3.530852	2067.5337	0.10752792	3.7676835	0.3708463	0.0657368
485	4.0042686	0.615908	44.10739	0.15164307	3.5182345	2052.4204	0.10765425	3.7716742	0.37169093	0.0657417
486	4.039382	0.61398584	43.538345	0.15295056	3.5268335	2059.0938	0.10724908	3.7815442	0.3722473	0.065646894
487	4.0571537	0.6164968	43.931355	0.15296185	3.532555	2058.2102	0.10728183	3.7686892	0.3722933	0.06565609
488	4.0153985	0.6145651	43.51139	0.15277001	3.5059826	2048.7866	0.106201656	3.770469	0.37030372	0.06587591
489	3.9768336	0.6123211	44.072357	0.15279518	3.5080895	2058.0657	0.10754333	3.7594328	0.37033895	0.06605167
490	4.018119	0.6112801	43.07468	0.15405262	3.5158644	2042.9808	0.10714967	3.7514894	0.36865386	0.06580448
491	4.0068407	0.61465806	43.55193	0.15281115	3.5083277	2058.867	0.107016586	3.7819026	0.37036467	0.065901384
492	4.0138755	0.6133443	43.311535	0.1510486	3.5289302	2053.7483	0.106917515	3.7587056	0.37345397	0.06600344
493	3.988607	0.61589813	43.01608	0.15157057	3.5379436	2051.4585	0.10682643	3.760809	0.37065086	0.06635394
494	3.9686065	0.6113311	43.76911	0.15251727	3.5263588	2042.4741	0.10633755	3.7625055	0.36916935	0.0661171
495	4.0006604	0.6156876	43.561462	0.15494882	3.513801	2059.7131	0.10759376	3.7700632	0.37092808	0.066218734
496	3.995718	0.60820144	43.65469	0.1540287	3.511371	2053.9282	0.107418045	3.7813458	0.3678396	0.065977074
497	4.028575	0.61740506	43.79989	0.1513212	3.548303	2058.905	0.1071095	3.7490783	0.37163267	0.06589861
498	3.9983172	0.6159783	43.69239	0.1510387	3.5195801	2041.1185	0.10682909	3.757734	0.3732951	0.06613227
499	4.010331	0.61007744	43.48928	0.15274665	3.5152452	2050.3552	0.10754229	3.7503178	0.36930412	0.06638818
